<?xml version="1.0" encoding="UTF-8"?>
<!DOCTYPE mapper PUBLIC "-//mybatis.org//DTD Mapper 3.0//EN" "https://mybatis.org/dtd/mybatis-3-mapper.dtd">
<mapper namespace="com.example.ex16_mybatis_board.dao.BoardDAO">
    <select id="listDAO">select * from simple_board order by id desc</select>
    <select id="viewDAO">select * from simple_board where id = #{param1}</select>
    <insert id="writeDAO">insert into simple_board (writer, title, content) values (#{param1},
        #{param2}, #{param3})</insert>
    <delete id="deleteDAO">delete from simple_board where id = #{param1}</delete>
</mapper>